id,address,longitude,latitude,time,job_type
m5UdEg,서울특별시 중구 이태원로 149,126.9844,37.4672,14:40:47,call
11uu53,서울특별시 강남구 강남대로 172,126.8724,37.5375,19:13:27,call
JVSGS7,서울특별시 송파구 공항대로 33,127.0218,37.5891,23:29:56,call
GdfSTh,서울특별시 송파구 공항대로 118,126.8129,37.4962,17:37:28,call
UaeoBY,서울특별시 은평구 이태원로 190,127.0324,37.5718,05:16:24,call
UNIrsZ,서울특별시 강서구 신촌로 84,126.8236,37.6861,07:21:06,call
MKFe5x,서울특별시 송파구 강남대로 39,126.862,37.4829,23:13:07,call
mlMO0g,서울특별시 중구 을지로 83,126.978,37.5501,21:07:55,call
O1T0HV,서울특별시 강서구 강남대로 54,127.0622,37.6919,07:52:02,call
NJp4J8,서울특별시 서초구 올림픽대로 156,126.8516,37.5128,13:26:19,call
N0KC7H,서울특별시 강서구 이태원로 128,127.0253,37.4851,14:14:49,call
HOBHbF,서울특별시 종로구 이태원로 104,126.948,37.4813,06:21:28,call
raiMwM,서울특별시 강남구 이태원로 197,126.8933,37.4879,08:52:46,call
dhlDOe,서울특별시 중구 서초대로 36,126.856,37.6938,01:08:12,call
EeR6mu,서울특별시 용산구 서초대로 111,126.9712,37.6433,15:15:19,call
j3q2Ds,서울특별시 용산구 올림픽대로 83,126.8875,37.4967,12:06:38,call
XsTOub,서울특별시 강서구 을지로 120,127.1565,37.5408,00:21:04,call
IUdXkJ,서울특별시 서초구 강남대로 57,127.1265,37.4845,02:56:43,call
yATdIm,서울특별시 용산구 서초대로 33,126.9148,37.4727,12:42:58,call
ao0OKa,서울특별시 서초구 이태원로 155,126.8168,37.6565,15:28:01,call
NYZFps,서울특별시 은평구 서초대로 41,127.1366,37.5247,08:12:51,call
qioshy,서울특별시 송파구 테헤란로 22,126.9874,37.472,21:11:19,call
jUOFUM,서울특별시 중구 신촌로 89,126.9247,37.6553,21:05:12,call
Z15nEc,서울특별시 강서구 공항대로 65,126.9727,37.5476,01:34:41,call
Gzq6wv,서울특별시 마포구 공항대로 84,126.8408,37.6077,22:24:41,call
QeEmAp,서울특별시 은평구 강남대로 144,126.8287,37.6566,02:03:53,call
vEKDz1,서울특별시 강남구 불광로 128,126.9266,37.5098,11:39:37,call
cha9SR,서울특별시 서초구 을지로 70,127.102,37.6127,12:26:07,call
Gz434L,서울특별시 용산구 낙성대역길 98,126.8757,37.6784,19:38:33,call
3iXsps,서울특별시 강서구 공항대로 188,126.9086,37.685,23:49:01,call
PANRSA,서울특별시 중구 테헤란로 93,126.9459,37.5333,00:39:39,call
6WxzLb,서울특별시 서초구 낙성대역길 57,127.0444,37.5657,09:25:08,call
XqtmWn,서울특별시 용산구 공항대로 189,127.0949,37.5473,04:52:18,call
Nd3q39,서울특별시 마포구 테헤란로 198,126.9665,37.49,21:45:35,call
EGtpA8,서울특별시 관악구 낙성대역길 180,127.0218,37.5295,13:08:52,call
ZAq0HS,서울특별시 관악구 불광로 191,126.9011,37.6292,13:11:40,call
L2xprD,서울특별시 용산구 강남대로 61,126.9575,37.6411,19:40:06,call
qlKdLK,서울특별시 종로구 을지로 103,127.0506,37.4792,13:36:30,call
s0xr9I,서울특별시 중구 공항대로 167,126.9259,37.6557,12:52:12,call
YlRL1L,서울특별시 송파구 을지로 39,126.9267,37.5064,17:02:09,call
K2OglQ,서울특별시 중구 낙성대역길 179,126.8503,37.5027,19:10:57,call
zPHzoG,서울특별시 은평구 신촌로 149,126.9789,37.5437,00:14:24,call
gJLGEJ,서울특별시 관악구 서초대로 1,126.9178,37.4622,19:48:45,call
Dw3lYY,서울특별시 마포구 올림픽대로 129,126.999,37.4711,20:53:30,call
C3JTvU,서울특별시 마포구 낙성대역길 109,127.1932,37.6467,00:28:30,call
QBbbOK,서울특별시 강남구 올림픽대로 48,126.9239,37.5867,10:08:05,call
qB7h6x,서울특별시 강서구 불광로 64,127.01,37.5009,22:44:00,call
jHdO5H,서울특별시 서초구 테헤란로 27,127.06,37.4606,21:15:37,call
a9c5MU,서울특별시 용산구 이태원로 1,126.8998,37.5763,10:19:31,call
RwZDAe,서울특별시 종로구 올림픽대로 140,126.8606,37.5166,12:13:19,call
